item_id,item_name,img_url_1,img_url_2,description,repeat_count,item_type,limit_minute,status,buy_level,buy_limit_count,buy_limit_type,summary,update
1,oblivion,e10_oblivion,,,0,S,0,N,0,1,F,오블리비언 (기본곡),0
2,raisemeup,e0_raisemeup,,,0,S,0,N,0,1,F,레이즈미업 (기본곡),0
3,lover,e0_lover,,,0,S,0,N,0,1,F,러버 (기본곡),0
4,tdot,e0_tdot,,,0,S,0,N,0,1,F,인더티닷 (기본곡),0
5,rayof,e0_rayof,,,0,S,0,N,0,1,F,레이오브일루미나티 (기본곡),0
6,etnalftsyvox,e0_etnalftsyvox,,,0,S,0,N,0,1,F,이터널판타지복스 (기본곡),0
7,symphony40,e8_symphony40,,,0,S,0,N,0,1,F,모차르트 40번 (기본곡),0
8,sixpence,e1_sixpence,,,0,S,0,N,0,1,F,어쏭오브식스펜스,0
9,becomemy,e1_becomemy,,,0,S,0,N,0,1,F,비컴마이쎌프,0
10,baramege,e7_baramege,,,0,S,0,N,0,1,F,바람에게 부탁해,0
11,signal,e1_signal,,,0,S,0,N,0,1,F,시그널라이즈,0
12,ghost,e3_ghost,,,0,S,0,N,0,1,F,유령,0
13,seolaim2,e4_seolaim2,,,0,S,0,N,0,1,F,설레임 Part.2,0
14,fury,e5_fury,,,0,S,0,N,0,1,F,퓨리,0
15,kungfu,e4_kungfu,,,0,S,0,N,0,1,F,쿵푸라이더,0
16,gobaek1,e5_gobaek1,,,0,S,0,N,0,1,F,"고백, 꽃, 늑대",0
17,sweetshining,e2_sweetshining,,,0,S,0,N,0,1,F,스윗샤이닝슈팅스타,0
18,ladymade,e6_ladymade,,,0,S,0,N,0,1,F,레이디메이드스타,0
19,shiningmyboy,e5_shiningmyboy,,,0,S,0,N,0,1,F,샤이닝마이보이,0
20,forever,e3_forever,,,0,S,0,N,0,1,F,영원,0
21,outlawreborn,e3_outlawreborn,,,0,S,0,N,0,1,F,아웃로우리본,0
22,goneastray,e3_goneastray,,,0,S,0,N,0,1,F,곤아스트레이,0
23,lonely,e3_lonely,,,0,S,0,N,0,1,F,미스터론리,0
24,egg,e1_egg,,,0,S,0,N,0,1,F,에그,0
25,monoxide,e2_monoxide,,,0,S,0,N,0,1,F,모녹싸이드,0
26,blythe,e2_blythe,,,0,S,0,N,0,1,F,설레임 Part.2,0
27,orbital,e2_orbital,,,0,S,0,N,0,1,F,오비탈,0
28,myheart,e4_myheart,,,0,S,0,N,0,1,F,마이하트마이쏘울,0
29,newday,e4_newday,,,0,S,0,N,0,1,F,나우어뉴데이,0
30,leaveme,e4_leaveme,,,0,S,0,N,0,1,F,립미얼론,0
31,renovation,e5_renovation,,,0,S,0,N,0,1,F,리노베이션,0
32,mellowd,e11_mellowd,,,0,S,0,N,0,1,F,멜로 디 판타지,0
33,lacamp,e11_lacamp,,,0,S,0,N,0,1,F,라 캄파넬라,0
34,firstkiss,e11_firstkiss,,,0,S,0,N,0,1,F,퍼스트키스,0
35,luvyourself,e11_luvyourself,,,0,S,0,N,0,1,F,러브 유어셀프,0
36,inmyheart,e6_inmyheart,,,0,S,0,N,0,1,F,"고백, 꽃, 늑대",0
37,y,e7_y,,,0,S,0,N,0,1,F,와이,0
38,angel,e5_angel,,,0,S,0,N,0,1,F,엔젤,0
39,alone,e7_alone,,,0,S,0,N,0,1,F,얼론,0
40,watchyour,e8_watchyour,,,0,S,0,N,0,1,F,와치유어셀프,0
41,loveis,e7_loveis,,,0,S,0,N,0,1,F,러브 이스 뷰티풀,0
42,blackswan,e2_blackswan,,,0,S,0,N,0,1,F,블랙 스완,0
43,getontop,e7_getontop,,,0,S,0,N,0,1,F,겟 온 탑,0
44,trip,e6_trip,,,0,S,0,N,0,1,F,트립,0
45,themax,e7_themax,,,0,S,0,N,0,1,F,더 맥스,0
46,cosmicfantastic,e6_cosmicfantastic,,,0,S,0,N,0,1,F,코스믹 판타스틱 러브 송,0
47,lighthouse,e9_lighthouse,,,0,S,0,N,0,1,F,라이트 하우스,0
48,justtoday,e2_justtoday,,,0,S,0,N,0,1,F,저스트 포 투데이,0
49,iwantyou,e6_iwantyou,,,0,S,0,N,0,1,F,아이원츄,0
50,heartofwitch,e0_heartofwitch,,,0,S,0,N,0,1,F,하트 오브 위치,0
51,piano1,e9_piano1,,,0,S,0,N,0,1,F,피아노 협주곡 1번,0
52,lovepanic,e1_lovepanic,,,0,S,0,N,0,1,F,러브패닉,0
53,vortex,e3_vortex,,,0,S,0,N,0,1,F,볼텍스,0
54,mukilteo,e1_mukilteo,,,0,S,0,N,0,1,F,머킬테오 비치,0
55,retention,e4_retention,,,0,S,0,N,0,1,F,리텐션,0
56,luvistrue,e8_luvistrue,,,0,S,0,N,0,1,F,러브 이스 트루,0
57,divineservice,e9_divineservice,,,0,S,0,N,0,1,F,디바인 서비스,0
58,cherokee,e10_cherokee,,,0,S,0,N,0,1,F,체로키,0
59,takeonme,e8_takeonme,,,0,S,0,N,0,1,F,테이크 온 미,0
60,everything,e9_everything,,,0,S,0,N,0,1,F,Everything,0
61,supersonicrmx,e5_supersonicrmx,,,0,S,0,N,0,1,F,슈퍼소닉 리믹스,0
62,keystothe,e9_keystothe,,,0,S,0,N,0,1,F,키스 투더 월드,0
63,morning,e6_morning,,,0,S,0,N,0,1,F,아침형 인간,0
64,fate,e9_fate,,,0,S,0,N,0,1,F,페이트,0
65,brandnewdays,e10_brandnewdays,,,0,S,0,N,0,1,F,브랜 뉴 데이스,0
66,rutin,e10_rutin,,,0,S,0,N,0,1,F,루틴,0
67,festanova,e8_festanova,,,0,S,0,N,0,1,F,페스타 노바,0
68,super2011,e10_super2011,,,0,S,0,N,0,1,F,슈퍼소닉 2011,0
69,stop,e11_stop,,,0,S,0,N,0,1,F,스탑,0
70,desperado,e11_desperado,,,0,S,0,N,0,1,F,데스페라도,0
71,starlight,e8_starlight,,,0,S,0,N,0,1,F,별빛정원,0
72,thor,e12_thor,,,0,S,0,N,0,1,F,thor (1차 업데이트),0
73,fermion,e12_fermion,,,0,S,0,N,0,1,F,fermion,0
74,remember,e12_remember,,,0,S,0,N,0,1,F,remember,0
75,hereinthe,e12_hereinthe,,,0,S,0,N,0,1,F,here in the moment,0
76,sonof,e12_sonof,,,0,S,0,N,0,1,F,son of sun,0
77,hellopinky,e10_hellopinky,,,0,S,0,N,0,1,F,hello pinky,0
78,someday,e13_someday,,,0,S,0,N,0,1,F,Someday,0
79,yourown,e14_yourown,,,0,S,0,N,0,1,F,Your Own Miracle,0
80,theguilty,e13_theguilty,,,0,S,0,N,0,1,F,The Guilty,0
81,rage,e13_rage,,,0,S,0,N,0,1,F,Rage of Demon,0
82,season,e13_season,,,0,S,0,N,0,1,F,Season (Warm Mix),0
83,baramegelive,e13_baramegelive,,,0,S,0,N,0,1,F,바람에게 부탁해 (Live),0
84,dreamofwinds,e13_dreamofwinds,,,0,S,0,N,0,1,F,Dream of Winds,0
85,fallen,e12_fallen,,,0,S,0,N,0,1,F,Fallen Angel,0
86,hanzup,e14_hanzup,,,0,S,0,N,0,1,F,Hanz Up !,0
87,youandme,e14_youandme,,,0,S,0,N,0,1,F,You And Me,0
88,airwave,e14_airwave,,,0,S,0,N,0,1,F,Airwave,0
89,burnitdown,e14_burnitdown,,,0,S,0,N,0,1,F,Burn It Down,0
90,neversay,e15_neversay,,,0,S,0,N,0,1,F,Never Say,0
91,miles,e14_miles,,,0,S,0,N,0,1,F,Miles,0
92,emblem,e15_emblem,,,0,S,0,N,0,1,F,Emblem,0
93,thorremix,e16_thorremix,,,0,S,0,N,0,1,F,Thor Remix,0
94,hexad,e15_hexad,,,0,S,0,N,0,1,F,Hexad,0
95,dualstrikers,e15_dualstrikers,,,0,S,0,N,0,1,F,Dual Strikers,0
96,puzzler,e16_puzzler,,,0,S,0,N,0,1,F,Puzzler,0
97,sin,e17_sin,,,0,S,0,N,0,1,F,SIN,0
98,youshould,e17_youshouldgetoverme,,,0,S,0,N,0,1,F,You Should Get Over Me,0
99,kalwrnw,e15_kal_wrnw,,,0,S,0,N,0,1,F,Kal_WrnW,0
100,endofthemoon,e16_endofthemoon,,,0,S,0,N,0,1,F,End of the Moonlight,0
101,xeus,e17_xeus,,,0,S,0,N,0,1,F,XeuS,0
102,d2,e16_d2,,,0,S,0,N,0,1,F,D2,0
103,deborah,e16_deborah,,,0,S,0,N,0,1,F,Deborah,0
104,liar,e17_liar,,,0,S,0,N,0,1,F,라이어 (뮤직팩 25),0
105,sunnyside,e18_sunnyside,,,0,S,0,N,0,1,F,써니싸이드 (뮤직팩25),0
106,gobaek2,e17_gobaek2,,,0,S,0,N,0,1,F,고백꽃늑대2 (뮤직팩25),0
107,playthefuture,e17_playthefuture,,,0,S,0,N,0,1,F,플레이 더 퓨쳐 (뮤직팩25),0
108,landscape,e18_landscape,,,0,S,0,N,0,1,F,뮤직팩 26번_Landscape,0
109,dearmylady,e18_dearmylady,,,0,S,0,N,0,1,F,뮤직팩 26번_Dear My Lady,0
110,beyondthe,e18_beyondthe,,,0,S,0,N,0,1,F,뮤직팩 26번_Beyond the Future,0
111,access,e18_access,,,0,S,0,N,0,1,F,뮤직팩 26번_Access,0
112,coastaltempo,e19_coastaltempo,,,0,S,0,N,0,1,F,뮤직팩 27번_Coastal Tempo,0
113,enemystorm,e19_enemystorm,,,0,S,0,N,0,1,F,뮤직팩 27번_Enemy Storm,0
114,supersonic,e19_supersonic,,,0,S,0,N,0,1,F,뮤직팩 27번_SuperSonic,0
115,cozyquilt,e19_cozyquilt,,,0,S,0,N,0,1,F,뮤직팩 27번_Cozy Quilt,0
116,jupiter,e20_jupiter,,,0,S,0,N,0,1,F,뮤직팩 28번_Jupiter Driving,0
117,giveme5,e20_giveme5,,,0,S,0,N,0,1,F,뮤직팩 28번_Give Me 5,0
118,dreamagain,e20_dreamagain,,,0,S,0,N,0,1,F,뮤직팩 28번_Dream Again,0
119,feelmabeat,e20_feelmabeat,,,0,S,0,N,0,1,F,뮤직팩 28번_Feel Ma Beat,0
120,memoryofbeach,e21_memoryofbeach,,,0,S,0,N,0,1,F,,0
121,theclear,e21_theclear,,,0,S,0,N,0,1,F,7월 업데이트 1차,0
122,jealousy,e21_jealousy,,,0,S,0,N,0,1,F,7월 업데이트 1차,0
123,whiteblue,e21_whiteblue,,,0,S,0,N,0,1,F,7월 업데이트 2차,0
124,honeymoon,e21_honeymoon,,,0,S,0,N,0,1,F,7월 업데이트 2차,0
125,chemical,e22_chemical,,,0,S,0,N,0,1,F,8월 1차,0
126,putemup,e22_putemup,,,0,S,0,N,0,1,F,8월 1차,0
127,cypher,e22_cypher,,,0,S,0,N,0,1,F,8월 2차,0
128,luvflowrmx1,e22_luvflowrmx1,,,0,S,0,N,0,1,F,8월 2차,0
129,xlasher,e22_xlasher,,,0,S,0,N,0,1,F,9월 1차,0
130,sayitfrom,e22_sayitfrom,,,0,S,0,N,0,1,F,9월 1차,0
131,bamboo,e23_bamboo,,,0,S,0,N,0,1,F,9월 2차 (추석전),0
132,falling,e23_falling,,,0,S,0,N,0,1,F,9월 2차 (추석전),0
133,coloursof,e23_coloursof,,,0,S,0,N,0,1,F,10월 신곡,0
134,area7,e23_area7,,,0,S,0,N,0,1,F,10월 신곡,0
135,outofcont,e23_outofcont,,,0,S,0,N,0,1,F,11월 1차 신곡,0
136,rockstar,e23_rockstar,,,0,S,0,N,0,1,F,11월 1차 신곡,0
137,darkprism,e24_darkprism,,,0,S,0,N,0,1,F,11월 2차 신곡,0
138,rightback,e24_rightback,,,0,S,0,N,0,1,F,11월 2차 신곡,0
139,grave,e24_grave,,,0,S,0,N,0,1,F,12월 1차 신곡,0
140,beatudown,e24_beatudown,,,0,S,0,N,0,1,F,12월 1차 신곡,0
141,beeutiful,e25_beeutiful,,,0,S,0,N,0,1,F,12월 2차 신곡,0
142,sweetdream,e25_sweetdream,,,0,S,0,N,0,1,F,12월 3차 신곡,0
143,showdown,e25_showdown,,,0,S,0,N,0,1,F,12월 4차 신곡,0
144,ad2222,e25_ad2222,,,0,S,0,N,0,1,F,12월 5차 신곡,0
145,rainbow,e25_rainbow,,,0,S,0,N,0,1,F,12월 6차 신곡,0
146,flyaway,e25_flyaway,,,0,S,0,N,0,1,F,12월 7차 신곡,0
147,wannabe,e26_wannabe,,,0,S,0,N,0,1,F,1월 1차 신곡,0
148,supernova,e26_supernova,,,0,S,0,N,0,1,F,1월 1차 신곡,0
149,rainmaker,e26_rainmaker,,,0,S,0,N,0,1,F,1월 2차 신곡,0
150,if,e26_if,,,0,S,0,N,0,1,F,1월 2차 신곡,0
151,melody,e26_melody,,,0,S,0,N,0,1,F,2월 1차,0
152,thelastdance,e26_thelastdance,,,0,S,0,N,0,1,F,2월 1차,0
153,secretworld,e27_secretworld,,,0,S,0,N,0,1,F,2월 2차,0
154,lovely,e27_lovely,,,0,S,0,N,0,1,F,2월 2차,0
155,readynow,e27_readynow,,,0,S,0,N,0,1,F,3월 1차,0
156,voyage,e27_voyage,,,0,S,0,N,0,1,F,3월 1차,0
157,shoreline,e27_shoreline,,,0,S,0,N,0,1,F,3월 2차 (3_29),0
158,inmydream,e27_inmydream,,,0,S,0,N,0,1,F,3월 2차 (3_29),0
159,glorydaykr,e28_glorydaykr,,,0,S,0,N,0,1,F,4월 1차 MUCA,0
160,glorydayjp,e28_glorydayjp,,,0,S,0,N,0,1,F,4월 1차 MUCA,0
161,overyourdream,e28_overyourdream,,,0,S,0,N,0,1,F,4월 1차 MUCA,0
162,mindcontrol,e28_mindcontrol,,,0,S,0,N,0,1,F,5월3일 업데이트,0
163,theone,e28_theone,,,0,S,0,N,0,1,F,5월3일 업데이트,0
164,break,e28_break,,,0,S,0,N,0,1,F,5월17일,0
165,ai,e29_ai,,,0,S,0,N,0,1,F,5월17일,0
166,novarmx,e29_novarmx,,,0,S,0,N,0,1,F,5월31일,0
167,zetrmx1,e29_zetrmx1,,,0,S,0,N,0,1,F,5월31일,0
168,masairmx1,e29_masairmx1,,,0,S,0,N,0,1,F,6월15일,0
169,enemyrmx1,e29_enemyrmx1,,,0,S,0,N,0,1,F,6월15일,0
170,nbranger2017,e29_nbranger2017,,,0,S,0,N,0,1,F,6월28일,0
171,nbpower,e30_nbpower,,,0,S,0,N,0,1,F,6월28일,0
172,hamsin,e30_hamsin,,,0,S,0,N,0,1,F,7월12일릴리즈,0
173,oblivionrmx,e30_oblivionrmx,,,0,S,0,N,0,1,F,7월12일릴리즈,0
174,lemonade,e30_lemonade,,,0,S,0,N,0,1,F,7월26일릴리즈,0
175,silentclarity,e30_silentclarity,,,0,S,0,N,0,1,F,7월26일릴리즈,0
176,nanorisk,e30_nanorisk,,,0,S,0,N,0,1,F,8월9일릴리즈,0
177,rolling,e31_rolling,,,0,S,0,N,0,1,F,8월9일릴리즈,0
178,dontdie,e31_dontdie,,,0,S,0,N,0,1,F,8월23일릴리즈,0
179,remain,e31_remain,,,0,S,0,N,0,1,F,8월23일릴리즈,0
180,closer,e31_closer,,,0,S,0,N,0,1,F,10월25일신곡,0
181,lifewithu,e31_lifewithu,,,0,S,0,N,0,1,F,10월25일신곡,0
182,nevermind,e32_nevermind,,,0,S,0,N,0,1,F,11월9일업뎃,0
183,binaryworld,e32_binaryworld,,,0,S,0,N,0,1,F,11월9일업뎃,0
184,jbg,e32_jbg,,,0,S,0,N,0,1,F,11월9일업뎃,0
185,getout,e32_getout,,,0,S,0,N,0,1,F,11월9일업뎃,0
186,canwetalk,e31_canwetalk,,,0,S,0,N,0,1,F,11월9일업뎃,0
187,net,e32_net,,,0,S,0,N,0,1,F,11월9일업뎃,0
188,childof,e32_childof,,,0,S,0,N,0,1,F,12월20일업데이트,1
189,killerbee,e33_killerbee,,,0,S,0,N,0,1,F,12월20일업데이트,1
190,shadowflower,e33_shadowflower,,,0,S,0,N,0,1,F,12월20일업데이트,1
191,uad,e33_uad,,,0,S,0,N,0,1,F,12월20일업데이트,1
10001,Q 스타터 패키지,b0_r01,,,0,P,0,N,0,1,F,Q 스타터 패키지,0
10002,Q 파워 패키지,b0_r02,,,0,P,0,N,0,1,F,Q 파워 패키지,0
10003,Q 프리미엄 패키지,b0_r03,,,0,P,0,N,0,1,F,Q 프리미엄 패키지,0
10004,Q 컴플리트 박스,b0_r04,,,0,P,0,N,0,1,F,Q 컴플리트 박스,0
11001,NEW STARTER PACK,,,,0,P,0,N,0,1,F,신형패키지_1,0
11002,HYBRID PACK,,,,0,P,0,N,0,1,F,신형패키지_2,0
11003,SUPER VALUE 30,,,,0,P,0,N,0,1,F,신형패키지_3,0
11004,CHRISTMAS PACK,,,,0,P,0,N,0,1,F,크리스마스패키지,0
11005,4 LINE STARTER PACK,,,,0,P,0,N,0,1,F,4라인론칭기념패키지,0
11006,Director's Choice PACK,,,,0,P,0,N,0,1,F,2018신규곡들8곡패키지,0
11007,OLD & NEW PACK,,,,0,P,0,N,0,1,F,Nevermind포함5곡,1
20001,Q 뮤직팩 1,m0_r01,m0_l01,,0,P,0,N,0,1,F,Q 뮤직팩 1,0
20002,Q 뮤직팩 2,m0_r02,m0_l02,,0,P,0,N,0,1,F,Q 뮤직팩 2,0
20003,Q 뮤직팩 3,m0_r03,m0_l03,,0,P,0,N,0,1,F,Q 뮤직팩 3,0
20004,Q 뮤직팩 4,m0_r04,m0_l04,,0,P,0,N,0,1,F,Q 뮤직팩 4,0
20005,Q 뮤직팩 5,m0_r05,m0_l05,,0,P,0,N,0,1,F,Q 뮤직팩 5,0
20006,Q 뮤직팩 6,m0_r06,m0_l06,,0,P,0,N,0,1,F,Q 뮤직팩 6,0
20007,Q 뮤직팩 7,m0_r07,m0_l07,,0,P,0,N,0,1,F,Q 뮤직팩 7,0
20008,Q 뮤직팩 8,m0_r08,m0_l08,,0,P,0,N,0,1,F,Q 뮤직팩 8,0
20009,Q 뮤직팩 9,m0_r09,m0_l09,,0,P,0,N,0,1,F,Q 뮤직팩 9,0
20010,Q 뮤직팩 10,m0_r10,m0_l10,,0,P,0,N,0,1,F,Q 뮤직팩 10,0
20011,Q 뮤직팩 11,m0_r11,m0_l11,,0,P,0,N,0,1,F,Q 뮤직팩 11,0
20012,Q 뮤직팩 12,m0_r14,m0_l14,Q 뮤직팩 12 (1107 업데이트_1번째),0,P,0,N,0,1,F,Q 뮤직팩 12 (1107 업데이트_1번째),0
20013,Q 뮤직팩 13,m0_r13,m0_l13,Q 뮤직팩 13 (1107 업데이트_2번째),0,P,0,N,0,1,F,Q 뮤직팩 13 (1107 업데이트_2번째),0
20014,Q 뮤직팩 14,m0_r12,m0_l12,Q 뮤직팩 14 (1121 업데이트_컴플릿한정곡모음),0,P,0,N,0,0,,Q 뮤직팩 14 (1121 업데이트_컴플릿한정곡모음),0
20015,Q 뮤직팩 15,m0_r15,m0_l15,Q 뮤직팩 15 (1121 업데이트),0,P,0,N,0,0,,Q 뮤직팩 15 (1121 업데이트),0
20016,Q 뮤직팩 16,m0_r16,m0_l16,Q 뮤직팩 16 (1121 업데이트),0,P,0,N,0,0,,Q 뮤직팩 16 (1121 업데이트),0
20017,Q 뮤직팩 17,m0_r17,m0_l17,,0,P,0,N,0,1,F,Q 뮤직팩 17,0
20018,Q 뮤직팩 18,m0_r18,m0_l18,,0,P,0,N,0,1,F,Q 뮤직팩 18,0
20019,Q 뮤직팩 19,m0_r19,m0_l19,,0,P,0,N,0,1,F,Q 뮤직팩 19,0
20020,Q 뮤직팩 20,m0_r20,m0_l20,,0,P,0,N,0,1,F,Q 뮤직팩 20,0
20021,Q 뮤직팩 21,m0_r21,m0_l21,,0,P,0,N,0,1,F,Q 뮤직팩 21 (20140512),0
20022,Q 뮤직팩 22,m0_r22,m0_l22,,0,P,0,N,0,1,F,Q 뮤직팩 22,0
20023,Q 뮤직팩 23,m0_r23,m0_l23,,0,P,0,N,0,1,F,Q 뮤직팩 23,0
20024,Q 뮤직팩 24,m0_r24,m0_l24,,0,P,0,N,0,1,F,Q 뮤직팩 24,0
20025,Q 뮤직팩 25,m0_r25,m0_l25,,0,P,0,N,0,1,F,Q 뮤직팩 25 (Reboot),0
20026,Q 뮤직팩 26,m0_r26,m0_l26,,0,P,0,N,0,1,F,Q 뮤직팩 26,0
20027,Q 뮤직팩 27,m0_r27,m0_l27,,0,P,0,N,0,1,F,Q 뮤직팩 27,0
20028,Q 뮤직팩 28,m0_r28,m0_l28,,0,P,0,N,0,1,F,Q 뮤직팩 28,0
30001,지미,i0_char_001,,경험치 업 1,10,C,0,N,0,0,,파트너 - 지미,0
30002,소향,i0_char_002,,경험치 업 2,10,C,0,N,10,0,,파트너 - 소향,0
30003,싱싱이,i0_char_003,,경험치 업 3,10,C,0,N,23,0,,파트너 - 싱싱이,0
30004,제시,i0_char_004,,경험치 업 4,10,C,0,N,36,0,,파트너 - 제시,0
30005,스텔라,i0_char_005,,경험치 업 5,10,C,0,N,55,0,,파트너 - 스텔라,0
30006,해피로보,i0_char_006,,맥스포인트 업 1,10,C,0,N,0,0,,파트너 - 해피로보,0
30007,샐리,i0_char_007,,맥스포인트 업 2,10,C,0,N,13,0,,파트너 - 샐리,0
30008,테드디비어스,i0_char_008,,,10,C,0,N,26,0,,파트너 - 테드디비어스,0
30009,류시아,i0_char_009,,맥스포인트 업 4,10,C,0,N,40,0,,파트너 - 류시아,0
30010,플래니타,i0_char_010,,맥스포인트 업 5,10,C,0,N,60,0,,파트너 - 플래니타,0
30011,태희,i0_char_011,,회복률 업 1,10,C,0,N,0,0,,파트너 - 태희,0
30012,흑조,i0_char_012,,회복률 업 2,10,C,0,N,16,0,,파트너 - 흑조,0
30013,엔젤,i0_char_013,,회복률 업 3,10,C,0,N,29,0,,파트너 - 엔젤,0
30014,린,i0_char_014,,회복률 업 4,10,C,0,N,44,0,,파트너 - 린,0
30015,앨리스,i0_char_015,,회복률 업 5,10,C,0,N,65,0,,파트너 - 앨리스,0
30016,기사단원,i0_char_016,,hp 업 1,10,C,0,N,0,0,,파트너 - 기사단원,0
30017,지나데이비스,i0_char_017,,hp 업 2,10,C,0,N,19,0,,파트너 - 지나데이비스,0
30018,다나,i0_char_018,,hp 업 3,10,C,0,N,32,0,,파트너 - 다나,0
30019,로시,i0_char_019,,hp 업 4,10,C,0,N,48,0,,파트너 - 로시,0
30020,세라,i0_char_020,,hp 업 5,10,C,0,N,70,0,,파트너 - 세라,0
39001,지미,i0_char_001,,선물용도,1,C,0,N,0,0,,선물용도 - 지미,0
39002,사각머리,i0_char_006,,선물용 아이템,1,C,0,N,0,0,,해피로보 - 선물용,0
39003,유미란,i0_char_011,,선물용 아이템,1,C,0,N,0,0,,태희 - 선물용,0
39004,기사단원,i0_char_016,,선물용 아이템,1,C,0,N,0,0,,기사단원 - 선물용,0
39101,사각머리,i0_char_006,,,10,C,0,N,0,0,,사각머리 (글로벌쿠폰증정용),0
40001,안티 게임오버,i0_revive,,기능성 파트너,10,F,0,N,0,0,,안티 게임오버,0
40002,안티 이펙터,i0_antieffect,,파트너 기능성,10,F,0,N,0,0,,안티 이펙터,0
49001,안티 게임오버,i0_revive,,,2,F,0,N,0,0,,안티 게임오버 (선물용도_2회짜리),0
49002,안티게임오버,i0_revive,,,10,F,0,N,0,0,,안티게임오버(글로벌쿠폰선물10회짜리),0
50001,2500 MAX,i0_maxcoin_1,i0_maxcoin_1,,0,M,0,N,0,0,,2500 MAX,0
50002,13125 MAX,i0_maxcoin_2,i0_maxcoin_2,,0,M,0,N,0,0,,13125 MAX,0
50003,27500 MAX,i0_maxcoin_3,i0_maxcoin_3,,0,M,0,N,0,0,,27500 MAX,0
50004,43125 MAX,i0_maxcoin_4,i0_maxcoin_4,,0,M,0,N,0,0,,43125 MAX,0
50005,75000 MAX,i0_maxcoin_5,i0_maxcoin_5,,0,M,0,N,0,0,,75000 MAX,0
59001,150 MAX,i0_maxcoin_0,,선물용 아이템,0,M,0,N,0,0,,150 MAX - 선물용,0
59002,3000 MAX,,,,0,M,0,N,0,0,,3000 MAX (점검 보상 용도),0
59003,2500 MAX,,,,0,M,0,N,0,0,,2500 MAX Point (글로벌쿠폰증정),0
59004,10000 MAX,,,,0,M,0,N,0,0,,10000 MAX (장애보상지급 4/7),0
59005,30000 MAX,,,,0,M,0,N,0,0,,30000 MAX (운영 보상 지급용),0
59006,1000 MAX,,,,0,M,0,N,0,0,,1000 MAX (운영 보상 지급용),0
59007,5000 MAX,,,,0,M,0,N,0,0,,5000 MAX (운영 보상 지급용),0
59008,50000 MAX,,,,0,M,0,N,0,0,,50000 MAX,0
59009,10000 MAX,,,,0,M,0,N,0,0,,10000 MAX,0
59010,100000 MAX,,,,0,M,0,N,0,0,,100000 MAX (중복스킨 보상),0
59101,1500 MAX,,,,0,M,0,N,0,0,,1500 MAX (추천인 입력 후 보상),0
60001,10 Q,i0_qcoin_1,i0_qcoin_1,큐포인트 아이템 (img url 등록용도),0,Q,0,N,0,0,,10 Q Point,0
60002,60 Q,i0_qcoin_2,i0_qcoin_2,,0,Q,0,N,0,0,,60 Q Point,0
60003,165 Q,i0_qcoin_3,i0_qcoin_3,,0,Q,0,N,0,0,,165 Q Point,0
60004,350 Q,i0_qcoin_4,i0_qcoin_4,,0,Q,0,N,0,0,,350 Q Point,0
60005,540 Q,i0_qcoin_5,i0_qcoin_5,,0,Q,0,N,0,0,,540 Q Point,0
60006,750 Q,i0_qcoin_6,i0_qcoin_6,,0,Q,0,N,0,0,,750 Q Point,0
60007,12 Hours FREE PASS,i0_freepass_12hours,i0_freepass_12hours,,0,T,0,N,0,0,,1 Day Free Pass,1
61001,10 Q Point,,,10 Q Point (운영자 선물용),0,Q,0,N,0,0,,10 Q Point (운영자 선물용),0
61002,20 Q Point,,,20 Q Point (운영자 선물용),0,Q,0,N,0,0,,20 Q Point (운영자 선물용),0
61003,50 Q Point,,,50 Q Point (운영자 선물용),0,Q,0,N,0,0,,50 Q Point (운영자 선물용),0
61004,100 Q Point,,,100 Q Point (운영자 선물용),0,Q,0,N,0,0,,100 Q Point (운영자 선물용),0
61005,150 Q Point,,,150 Q Point (운영자 선물용),0,Q,0,N,0,0,,150 Q Point (운영자 선물용),0
61006,200 Q Point,,,200 Q Point (운영자 선물용),0,Q,0,N,0,0,,200 Q Point (운영자 선물용),0
61007,250 Q Point,,,250 Q Point (운영자 선물용),0,Q,0,N,0,0,,250 Q Point (운영자 선물용),0
61008,300 Q Point,,,300 Q Point (운영자 선물용),0,Q,0,N,0,0,,300 Q Point (운영자 선물용),0
62001,30 Q Point,,,30 Q Point (패키지포함),0,Q,0,N,0,0,,30 Q Point (패키지포함),0
62002,70 Q Point,,,70 Q Point (패키지포함),0,Q,0,N,0,0,,70 Q Point (패키지포함),0
70001,안티브레이크_lv1,,,안티브레이크 Lv.1,0,I,0,N,0,0,,(인게임아이템_비노출처리필요),0
70002,안티브레이크_lv2,,,안티브레이크 Lv.2,0,I,0,N,0,0,,(인게임아이템_비노출처리필요),0
70003,안티브레이크_lv3,,,안티브레이크 Lv.3,0,I,0,N,0,0,,(인게임아이템_비노출처리필요),0
70004,안티브레이크_lv4,,,안티브레이크 Lv.4,0,I,0,N,0,0,,(인게임아이템_비노출처리필요),0
70005,안티브레이크_lv5,,,안티브레이크 Lv.5,0,I,0,N,0,0,,(인게임아이템_비노출처리필요),0
70006,안티브레이크_lv6,,,안티브레이크 Lv.6,0,I,0,N,0,0,,(인게임아이템_비노출처리필요),0
70007,안티브레이크_lv7,,,안티브레이크 Lv.7,0,I,0,N,0,0,,(인게임아이템_비노출처리필요),0
70008,안티브레이크_lv8,,,안티브레이크 Lv.8,0,I,0,N,0,0,,(인게임아이템_비노출처리필요),0
70009,안티브레이크_lv9,,,안티브레이크 Lv.9,0,I,0,N,0,0,,(인게임아이템_비노출처리필요),0
70010,안티브레이크_lv10,,,안티브레이크 Lv.10,0,I,0,N,0,0,,(인게임아이템_비노출처리필요),0
70011,피버플러스_lv.1,,,피버플러스 Lv.1,0,I,0,N,0,0,,(인게임아이템_비노출처리필요),0
70012,피버플러스_lv.2,,,피버플러스 Lv.2,0,I,0,N,0,0,,(인게임아이템_비노출처리필요),0
70013,피버플러스_lv.3,,,피버플러스 Lv.3,0,I,0,N,0,0,,(인게임아이템_비노출처리필요),0
70014,피버플러스_lv.4,,,피버플러스 Lv.4,0,I,0,N,0,0,,(인게임아이템_비노출처리필요),0
70015,피버플러스_lv.5,,,피버플러스 Lv.5,0,I,0,N,0,0,,(인게임아이템_비노출처리필요),0
70016,피버플러스_lv.6,,,피버플러스 Lv.6,0,I,0,N,0,0,,(인게임아이템_비노출처리필요),0
70017,피버플러스_lv.7,,,피버플러스 Lv.7,0,I,0,N,0,0,,(인게임아이템_비노출처리필요),0
70018,피버플러스_lv.8,,,피버플러스 Lv.8,0,I,0,N,0,0,,(인게임아이템_비노출처리필요),0
70019,피버플러스_lv.9,,,피버플러스 Lv.9,0,I,0,N,0,0,,(인게임아이템_비노출처리필요),0
70020,피버플러스_lv.10,,,피버플러스 Lv.10,0,I,0,N,0,0,,(인게임아이템_비노출처리필요),0
70021,게이지리필_lv.1,,,게이지리필 Lv.1,0,I,0,N,0,0,,(인게임아이템_비노출처리필요),0
70022,게이지리필_lv.2,,,게이지리필 Lv.2,0,I,0,N,0,0,,(인게임아이템_비노출처리필요),0
70023,게이지리필_lv.3,,,게이지리필 Lv.3,0,I,0,N,0,0,,(인게임아이템_비노출처리필요),0
70024,게이지리필_lv.4,,,게이지리필 Lv.4,0,I,0,N,0,0,,(인게임아이템_비노출처리필요),0
70025,게이지리필_lv.5,,,게이지리필 Lv.5,0,I,0,N,0,0,,(인게임아이템_비노출처리필요),0
70026,게이지리필_lv.6,,,게이지리필 Lv.6,0,I,0,N,0,0,,(인게임아이템_비노출처리필요),0
70027,게이지리필_lv.7,,,게이지리필 Lv.7,0,I,0,N,0,0,,(인게임아이템_비노출처리필요),0
70028,게이지리필_lv.8,,,게이지리필 Lv.8,0,I,0,N,0,0,,(인게임아이템_비노출처리필요),0
70029,게이지리필_lv.9,,,게이지리필 Lv.9,0,I,0,N,0,0,,(인게임아이템_비노출처리필요),0
70030,게이지리필_lv.10,,,게이지리필 Lv.10,0,I,0,N,0,0,,(인게임아이템_비노출처리필요),0
80001,레벨 언락 1,,,,0,L,0,N,0,0,,레벨 언락 1,0
80002,레벨 언락 2,,,,0,L,0,N,0,0,,레벨 언락 2,0
80003,레벨 언락 3,,,,0,L,0,N,0,0,,레벨 언락 3,0
80004,레벨 언락 4,,,,0,L,0,N,0,0,,레벨 언락 4,0
80005,레벨 언락 5,,,,0,L,0,N,0,0,,레벨 언락 5,0
80006,레벨 언락 6,,,,0,L,0,N,0,0,,레벨 언락 6,0
80007,레벨 언락 7,,,,0,L,0,N,0,0,,레벨 언락 7,0
80008,레벨 언락 8,,,,0,L,0,N,0,0,,레벨 언락 8,0
80009,레벨 언락 9,,,,0,L,0,N,0,0,,레벨 언락 9,0
80010,레벨 언락 10,,,,0,L,0,N,0,0,,레벨 언락 10,0
80011,레벨 언락 11,,,,0,L,0,N,0,0,,레벨 언락 11,0
80012,레벨 언락 12,,,,0,L,0,N,0,0,,레벨 언락 12,0
80013,레벨 언락 13,,,,0,L,0,N,0,0,,레벨 언락 13,0
80014,레벨 언락 14,,,,0,L,0,N,0,0,,레벨 언락 14,0
80015,레벨 언락 15,,,,0,L,0,N,0,0,,레벨 언락 15,0
80016,레벨 언락 16,,,,0,L,0,N,0,0,,레벨 언락 16,0
80017,레벨 언락 17,,,,0,L,0,N,0,0,,레벨 언락 17,0
80018,레벨 언락 18,,,,0,L,0,N,0,0,,레벨 언락 18,0
80019,레벨 언락 19,,,,0,L,0,N,0,0,,레벨 언락 19,0
80020,레벨 언락 20,,,,0,L,0,N,0,0,,레벨 언락 20,0
90001,레인보우 노트,i0_nk01,,테스트를 위해 렙제 없음으로 바꿉니다.,10,N,0,N,11,0,,레인보우 노트,0
90002,미러볼 노트,i0_nk02,,,10,N,0,N,18,0,,미러볼 노트 (훼이크),0
90003,스피커 노트,i0_nk03,,,10,N,0,N,25,0,,스피커 노트 (훼이크),0
90004,레이더 노트,i0_nk04,,,10,N,0,N,34,0,,레이더 노트 (훼이크),0
90005,LED 노트,i0_nk05,,,10,N,0,N,41,0,,LED 노트 (훼이크),0
90006,블랙 노트,i0_nk06,,노트 아이템,10,N,0,N,47,0,,블랙 노트,0
90007,엔비 레인져 노트,i0_nk07,,노트 아이템,10,N,0,N,53,0,,엔비 레인져 노트,0
90008,크리스탈 노트,i0_nk08,,노트 아이템,10,N,0,N,59,0,,크리스탈 노트,0
90009,태양신 노트,i0_nk09,,노트 아이템,10,N,0,N,66,0,,태양신 노트,0
91001,크리스마스 노트,i0_nk10,,영구사용_크리스마스,0,N,0,N,0,0,F,(영구사용)크리스마스,0
99101,크리스탈 노트,i0_nk08,,선물용 아이템,5,N,0,N,0,0,,크리스탈 노트 - 선물용,0
100001,옐로 메탈 스킨,i0_sk01,,,0,K,0,N,0,1,F,옐로 메탈 스킨,0
100002,워터멜론 메탈 스킨,i0_sk02,,,0,K,0,N,0,1,F,워터멜론 메탈 스킨 (훼이크),0
100003,딥블루 메탈 스킨,i0_sk03,,,0,K,0,N,0,1,F,딥블루 메탈 스킨 (훼이크),0
100004,핑크 트윙클 스킨,i0_sk04,,,0,K,0,N,0,1,F,핑크 트윙클 스킨 (훼이크),0
100005,레드 메탈 스킨,i0_sk05,,,0,K,0,N,0,1,F,레드 메탈 스킨 (훼이크),0
100006,블루 진 스킨,i0_sk06,,스킨 아이템,0,K,0,N,0,1,F,블루 진 스킨 (패키지 한정),0
100007,레오파드 스킨,i0_sk07,,스킨 아이템,0,K,0,N,0,1,F,레오파드 스킨 (패키지 한정),0
100008,하드보일드 스킨,i0_sk08,,,0,K,0,N,0,1,F,하드보일드 스킨 (패키지 한정),0
100009,스크래치 레드 메탈 스킨,i0_sk09,,,0,K,0,N,0,1,F,스크래치 레드 메탈 스킨 (패키지 한정),0
109101,블랙메탈 매쉬 스킨,i0_sk10,,선물용 아이템,0,K,0,N,0,1,F,블랙메탈 매쉬 스킨 - 선물용,0
109201,최고급 원목 스킨,i0_sk11,,선물용 아이템,0,K,0,N,0,1,F,최고급 원목 스킨 - 선물용,0
109202,하버브릿지 스킨,i0_sk12,,선물용 아이템,0,K,0,N,0,1,F,하버브릿지 - 지스타쿠폰,0
110001,크리스마스 스킨,i0_sk13,,크리스마스 패키지 귀속,0,K,0,N,0,1,F,크리스마스 스킨,0
110002,HELLO 2018 스킨,i0_sk14,,운영 이벤트 - 송구영신 선물,0,K,0,N,0,1,F,HELLO 2018 스킨,0
110003,SNOW MADNESS,i0_sk15,,평창올림픽이벤트,0,K,0,N,0,1,F,평창올림픽이벤트,0
110004,RED SQUARE,i0_sk16,,월드컵이벤트,0,K,0,N,0,1,F,월드컵이벤트,0
110005,FULL MOON,i0_sk17,,추석이벤트,0,K,0,N,0,1,F,추석이벤트,0
110006,TECHNICOLOR,i0_sk18,,10주년스킨,0,K,0,N,0,1,F,10주년스킨,1
130001,지미,i0_char_001,,경험치업1 (무제한사용),0,C,0,N,0,0,F,파트너 - 지미,0
190001,레인보우 노트,i0_nk01,,레인보우노트 (무제한사용),0,N,0,N,0,0,F,레인보우노트 (무제한사용),0
190002,미러볼 노트,i0_nk02,,미러볼 노트 (무제한 사용),0,N,0,N,0,0,F,미러볼 노트 (무제한 사용),0
190003,스피커 노트,i0_nk03,,스피커 노트 (무제한 사용),0,N,0,N,0,0,F,스피커 노트 (무제한 사용),0
190004,레이더 노트,i0_nk04,,레이더 노트 (무제한 사용),0,N,0,N,0,0,F,레이더 노트 (무제한 사용),0
190005,LED 노트,i0_nk05,,LED 노트 (무제한 사용),0,N,0,N,0,0,F,LED 노트 (무제한 사용),0
190006,블랙 노트,i0_nk06,,블랙 노트 (무제한 사용),0,N,0,N,0,0,F,블랙 노트 (무제한 사용),0
190007,엔비 레인져 노트,i0_nk07,,엔비 레인져 노트 (무제한 사용),0,N,0,N,0,0,F,엔비 레인져 노트 (무제한 사용),0
190008,크리스탈 노트,i0_nk08,,크리스탈 노트 (무제한 사용),0,N,0,N,0,0,F,크리스탈 노트 (무제한 사용),0
190009,태양신 노트,i0_nk09,,태양신 노트 (무제한 사용),0,N,0,N,0,0,F,태양신 노트 (무제한 사용),0
190010,크리스마스 노트,i0_nk10,,크리스마스 노트 (무제한 사용),0,N,0,N,0,0,F,크리스마스 노트 (무제한 사용),0
190011,TECHNICOLOR 노트,i0_nk11,,10주년 노트 (무제한 사용),0,N,0,N,0,0,F,10주년 노트 (무제한 사용),1